name,product_id
G,136
C,34
H,149
F,300
C,14
E,61
E,169
H,347
G,106
G,390
C,289
H,59
H,66
D,248
C,313
H,369
C,188
F,178
G,293
F,148
G,102
C,61
H,151
G,397
C,273
C,287
G,5
G,105
F,245
B,321
H,382
D,20
G,319
B,390
C,272
D,312
G,366
D,31
H,387
F,135
A,230
E,15
C,84
B,255
A,371
E,244
H,374
F,306
C,118
D,387
E,281
F,112
B,143
D,282
F,386
G,259
G,27
F,309
B,364
A,396
F,8
C,6
G,215
B,266
B,77
H,48
G,29
B,179
A,256
B,359
E,81
E,251
F,220
E,160
G,112
E,297
B,71
D,21
H,20
B,334
F,363
A,302
H,308
C,184
G,23
H,325
F,87
E,395
H,377
E,8
E,350
C,95
C,23
E,1
C,92
C,228
B,1
E,181
G,98
G,379
G,310
F,83
E,193
F,393
H,353
C,361
C,169
F,126
D,173
E,65
H,62
E,206
H,250
E,146
C,118
G,289
E,227
E,337
A,10
F,46
A,85
F,134
F,389
A,116
B,109
G,152
D,315
G,57
C,283
G,270
E,347
F,116
C,40
H,162
H,317
E,35
C,229
D,342
B,234
A,220
A,130
C,118
G,326
H,193
B,348
D,392
D,19
G,324
H,380
G,297
C,276
G,83
B,297
A,52
D,331
A,64
F,236
C,100
B,157
E,17
E,307
H,389
F,155
F,282
E,235
E,370
A,139
G,386
H,59
A,377
H,399
D,280
G,399
E,40
C,212
F,357
H,47
E,136
H,83
A,206
C,384
F,244
C,220
H,184
B,193
F,376
G,76
F,202
F,225
G,299
G,224
C,286
F,227
E,344
C,299
H,8
E,113
C,266
D,163
F,66
D,34
H,4
A,36
D,383
F,160
C,97
F,145
G,201
C,280
D,96
A,317
C,379
H,166
B,388
E,1
G,48
G,87
H,388
B,228
G,272
E,389
D,17
A,252
E,235
D,45
H,342
E,364
E,147
D,213
G,168
D,327
D,285
E,268
H,337
D,103
G,41
B,33
A,386
F,228
A,166
E,142
F,110
C,264
D,345
D,116
A,219
C,156
F,219
D,326
B,382
F,14
C,210
A,217
A,142
D,186
C,103
C,122
F,337
F,125
A,20
G,227
B,131
D,399
B,104
C,17
D,247
B,197
C,175
H,334
F,127
A,187
F,171
H,278
C,189
H,9
B,125
B,218
D,113
A,331
H,96
F,364
B,239
E,103
F,259
E,28
B,21
H,297
E,211
E,134
E,292
C,3
B,385
C,373
F,388
B,289
H,141
F,16
E,241
C,264
A,243
H,240
E,197
D,250
F,125
B,158
H,280
G,54
A,125
F,242
H,337
C,133
D,255
E,186
F,278
G,89
H,85
G,47
D,214
B,181
F,34
A,129
C,159
G,168
D,111
C,320
D,78
C,78
G,237
H,344
B,365
E,271
D,209
D,269
E,302
B,307
A,56
H,194
D,186
C,342
G,180
B,63
F,290
B,112
E,206
C,171
C,364
C,26
E,143
G,276
A,296
E,357
B,134
C,85
D,375
G,165
C,13
G,177
B,29
C,7
H,29
D,221
B,339
B,265
C,216
E,374
G,88
H,336
G,105
C,194
F,241
G,347
F,124
D,256
H,214
E,91
E,97
F,369
F,32
H,141
A,247
D,85
H,92
D,196
F,315
F,71
C,68
A,295
G,248
B,60
B,160
E,297
H,17
D,166
B,45
H,309
C,92
B,166
B,37
C,284
H,277
H,89
G,296
F,272
H,23
B,262
E,127
H,284
B,151
F,253
G,140
E,84
A,100
E,21
G,228
C,353
B,284
B,374
D,303
F,113
C,142
C,150
A,253
A,132
A,189
H,87
H,32
A,357
H,145
G,35
A,245
F,349
G,21
C,257
H,138
D,350
B,210
C,343
D,317
C,106
C,66
C,218
A,295
G,265
F,341
G,8
D,152
B,294
B,175
G,235
C,373
A,156
C,243
G,100
C,98
D,281
A,320
A,235
G,212
C,52
C,357
E,90
B,306
H,17
A,307
G,20
E,34
H,360
F,247
D,26
B,221
H,196
C,32
H,248
A,329
B,176
H,189
H,189
D,57
H,113
E,236
F,48
A,102
C,26
G,133
F,127
H,52
G,77
F,304
G,279
D,358
E,380
B,159
D,136
G,61
F,16
E,275
B,217
B,127
G,257
G,314
F,383
A,26
C,138
A,44
C,1
G,282
A,374
F,347
F,84
G,34
F,201
C,102
F,141
B,39
E,3
E,348
F,135
C,117
F,307
G,214
E,123
F,256
H,81
F,221
G,248
E,302
H,222
E,371
H,79
C,234
F,258
F,345
C,309
G,342
C,152
C,207
H,291
G,283
D,36
A,191
A,400
C,215
H,386
A,112
G,38
F,160
A,63
G,181
A,155
E,256
D,199
G,116
E,329
D,353
B,298
A,314
B,210
B,63
H,281
C,13
C,371
H,193
E,312
B,172
D,87
F,53
G,230
G,179
B,252
F,68
A,238
C,396
F,87
B,129
H,53
D,146
G,164
B,108
E,101
D,210
F,166
F,226
D,352
G,11
E,149
G,292
H,236
E,140
A,35
F,250
F,127
E,317
D,54
D,104
G,400
E,30
E,307
H,184
D,121
E,7
B,53
H,28
D,139
D,120
F,331
A,98
A,394
H,240
F,336
F,27
F,188
F,394
C,294
E,316
G,268
C,228
B,134
A,142
D,220
C,56
F,291
F,263
C,298
B,330
F,48
F,396
A,386
H,325
F,218
D,92
E,93
D,341
A,229
C,261
H,318
A,43
F,65
G,98
F,122
F,380
E,153
B,27
H,372
E,174
E,211
C,321
B,273
F,267
B,393
D,278
D,160
F,334
A,301
C,131
G,40
F,386
G,114
C,140
D,3
F,174
G,189
D,232
D,216
F,63
G,370
H,101
H,171
F,313
F,234
G,250
D,285
G,188
F,225
A,73
D,219
C,342
A,80
H,19
F,322
A,30
G,274
G,292
B,122
B,143
E,189
G,229
E,110
E,4
A,339
B,260
G,154
A,337
D,154
H,211
H,365
F,145
F,2
C,8
H,252
G,400
C,90
H,252
D,342
H,340
A,213
C,327
B,309
B,204
F,102
G,340
H,271
E,60
E,385
D,233
E,374
B,84
E,306
D,131
A,364
H,258
F,307
C,386
C,135
C,106
C,12
A,398
G,115
F,65
G,146
D,377
E,122
A,357
F,388
D,154
H,198
C,326
A,58
F,206
C,102
C,31
G,390
A,46
F,303
H,62
C,92
E,78
F,24
B,385
H,149
E,307
F,361
A,79
A,56
B,101
E,375
A,152
H,147
E,261
F,131
C,128
G,33
E,121
C,182
B,29
F,268
C,188
E,284
B,387
B,325
E,89
B,220
C,243
D,28
H,3
C,204
C,284
F,280
B,6
A,375
G,99
E,315
A,95
A,323
D,230
G,94
H,23
G,259
A,255
F,239
B,245
E,200
H,87
F,95
B,330
H,201
B,67
C,281
E,73
F,334
B,356
D,185
A,126
A,199
B,213
H,111
B,175
H,206
E,202
D,132
H,10
F,231
B,206
F,151
A,239
D,10
D,61
C,393
G,298
D,316
F,334
D,53
B,34
F,113
C,346
E,175
D,331
E,295
A,54
E,179
G,120
F,392
A,258
C,224
E,104
D,372
A,217
A,46
C,307
H,302
A,32
F,44
E,270
B,211
H,189
B,183
E,399
A,40
F,336
D,212
A,76
C,320
B,288
D,177
D,191
D,130
A,247
B,235
F,116
A,59
C,119
H,168
F,198
D,142
E,291
E,346
H,26
B,231
D,51
H,152
E,161
B,193
B,311
D,319
F,54
B,219
G,170
H,322
D,376
H,59
B,143
E,341
A,348
A,209
C,359
G,136
F,345
F,152
D,20
H,4
F,204
G,369
E,352
B,316
H,303
D,72
C,129
B,399
D,87
D,110
A,347
G,213
A,78
F,355
A,257
G,385
E,7
A,396
G,79
B,256
E,351
A,254
C,135
D,370
C,379
B,220
E,16
D,54
E,308
E,11
C,24
C,376
H,295
F,223
H,377
F,58
E,165
C,158
D,367
D,192
D,313
A,50
A,396
C,204
H,73
D,153
F,255
C,259
B,254
E,108
C,155
D,128
F,344
H,390
F,207
G,243
B,36
C,320
F,56
H,193
D,309
E,326
G,40
F,368
D,319
F,62
F,337
B,196
A,69
A,317
D,55
C,380
G,75
H,264
B,184
C,239
H,247
G,373
G,28
G,374
A,187
C,119
G,23
A,34
A,374
G,261
D,137
E,49
F,24
E,213
B,306
D,121
H,129
C,166
B,310
H,163
C,12
F,151
A,226
G,144
G,180
F,253
E,110
D,13
H,127
F,53
B,319
G,104
D,34
H,91
H,226
